,Task ID,SD Generator Path,Classifier Name,Sampling Method,Run,Status,auc,f1,recall,precision,accuracy
0,0_none_baseline_lr_0,generators/default_gaussain_copula.pkl,lr,baseline,0,Status.SUCCESS,0.2708333333333333,0.4666666666666667,0.4861111111111111,0.44871794871794873,0.875
1,1_default_tvae_uniform_lr_0,generators/default_tvae.pkl,lr,uniform,0,Status.ERRORED,,,,,
2,2_default_gaussain_copula_uniform_lr_0,generators/default_gaussain_copula.pkl,lr,uniform,0,Status.SUCCESS,0.4097222222222222,0.5670995670995671,0.6388888888888888,0.5666666666666667,0.75
3,3_default_tvae_original_0_lr_0,generators/default_tvae.pkl,lr,original 20/60,0,Status.SUCCESS,0.28125,0.4666666666666667,0.4861111111111111,0.44871794871794873,0.875
4,4_default_gaussain_copula_original_0_lr_0,generators/default_gaussain_copula.pkl,lr,original 20/60,0,Status.SUCCESS,0.2986111111111111,0.4666666666666667,0.4861111111111111,0.44871794871794873,0.875
5,5_default_tvae_original_1_lr_0,generators/default_tvae.pkl,lr,original 40/60,0,Status.SUCCESS,0.2847222222222222,0.4736842105263158,0.5,0.45,0.9
6,6_default_gaussain_copula_original_1_lr_0,generators/default_gaussain_copula.pkl,lr,original 40/60,0,Status.SUCCESS,0.32638888888888884,0.4736842105263158,0.5,0.45,0.9
7,7_default_tvae_original_2_lr_0,generators/default_tvae.pkl,lr,original 60/60,0,Status.SUCCESS,0.2638888888888889,0.4736842105263158,0.5,0.45,0.9
8,8_default_gaussain_copula_original_2_lr_0,generators/default_gaussain_copula.pkl,lr,original 60/60,0,Status.SUCCESS,0.24305555555555558,0.4736842105263158,0.5,0.45,0.9
